{"synpic29795.jpg": 202, "synpic31928.jpg": 272, "synpic38630.jpg": 127, "synpic55286.jpg": 13, "synpic22020.jpg": 175, "synpic46976.jpg": 308, "synpic23648.jpg": 286, "synpic47974.jpg": 4, "synpic23130.jpg": 224, "synpic28695.jpg": 233, "synpic41788.jpg": 237, "synpic23008.jpg": 252, "synpic19477.jpg": 305, "synpic100132.jpg": 253, "synpic40464.jpg": 83, "synpic37605.jpg": 28, "synpic59356.jpg": 149, "synpic21410.jpg": 173, "synpic50848.jpg": 248, "synpic23053.jpg": 132, "synpic32981.jpg": 307, "synpic60254.jpg": 158, "synpic32108.jpg": 183, "synpic53978.jpg": 41, "synpic53816.jpg": 290, "synpic59131.jpg": 212, "synpic59935.jpg": 296, "synpic56388.jpg": 92, "synpic47191.jpg": 178, "synpic27277.jpg": 241, "synpic31757.jpg": 97, "synpic53228.jpg": 314, "synpic51774.jpg": 156, "synpic54391.jpg": 105, "synpic56422.jpg": 162, "synpic18250.jpg": 177, "synpic53867.jpg": 246, "synpic18319.jpg": 276, "synpic28355.jpg": 168, "synpic55583.jpg": 255, "synpic18896.jpg": 217, "synpic27402.jpg": 1, "synpic27142.jpg": 195, "synpic53207.jpg": 164, "synpic40520.jpg": 58, "synpic22982.jpg": 154, "synpic25821.jpg": 27, "synpic19853.jpg": 79, "synpic52732.jpg": 94, "synpic35155.jpg": 102, "synpic56116.jpg": 101, "synpic28210.jpg": 84, "synpic45699.jpg": 70, "synpic32081.jpg": 223, "synpic49862.jpg": 55, "synpic55464.jpg": 38, "synpic33422.jpg": 243, "synpic52767.jpg": 208, "synpic45634.jpg": 125, "synpic17848.jpg": 140, "synpic54823.jpg": 197, "synpic42290.jpg": 47, "synpic48714.jpg": 20, "synpic24538.jpg": 184, "synpic51426.jpg": 114, "synpic22684.jpg": 142, "synpic48749.jpg": 95, "synpic58902.jpg": 71, "synpic40096.jpg": 210, "synpic45162.jpg": 247, "synpic54004.jpg": 219, "synpic33378.jpg": 139, "synpic52828.jpg": 298, "synpic39460.jpg": 146, "synpic52932.jpg": 52, "synpic31962.jpg": 288, "synpic19782.jpg": 230, "synpic33481.jpg": 238, "synpic27047.jpg": 25, "synpic47964.jpg": 65, "synpic46943.jpg": 250, "synpic31256.jpg": 157, "synpic29219.jpg": 2, "synpic27655.jpg": 63, "synpic57935.jpg": 35, "synpic27985.jpg": 115, "synpic34922.jpg": 104, "synpic15006.jpg": 143, "synpic25758.jpg": 285, "synpic18651.jpg": 93, "synpic44995.jpg": 174, "synpic52248.jpg": 59, "synpic17664.jpg": 5, "synpic21902.jpg": 263, "synpic30324.jpg": 118, "synpic27198.jpg": 281, "synpic42157.jpg": 196, "synpic53287.jpg": 23, "synpic57317.jpg": 99, "synpic16221.jpg": 220, "synpic50958.jpg": 126, "synpic42951.jpg": 200, "synpic42307.jpg": 26, "synpic35356.jpg": 192, "synpic22874.jpg": 211, "synpic21028.jpg": 110, "synpic33844.jpg": 87, "synpic24248.jpg": 12, "synpic55245.jpg": 216, "synpic51383.jpg": 122, "synpic57520.jpg": 81, "synpic44865.jpg": 36, "synpic39088.jpg": 69, "synpic16520.jpg": 282, "synpic41667.jpg": 18, "synpic38858.jpg": 283, "synpic28718.jpg": 273, "synpic39086.jpg": 151, "synpic20208.jpg": 150, "synpic45914.jpg": 57, "synpic21037.jpg": 160, "synpic17693.jpg": 265, "synpic28602.jpg": 222, "synpic40272.jpg": 235, "synpic47783.jpg": 251, "synpic25534.jpg": 231, "synpic60831.jpg": 311, "synpic27576.jpg": 159, "synpic41050.jpg": 98, "synpic31400.jpg": 78, "synpic32084.jpg": 128, "synpic40596.jpg": 301, "synpic27597.jpg": 108, "synpic12210.jpg": 165, "synpic27601.jpg": 172, "synpic22310.jpg": 96, "synpic41325.jpg": 292, "synpic24729.jpg": 295, "synpic32727.jpg": 85, "synpic31467.jpg": 313, "synpic32136.jpg": 207, "synpic48091.jpg": 74, "synpic26697.jpg": 135, "synpic51282.jpg": 297, "synpic34054.jpg": 31, "synpic40426.jpg": 309, "synpic18461.jpg": 39, "synpic41772.jpg": 221, "synpic57813.jpg": 148, "synpic26158.jpg": 262, "synpic54802.jpg": 111, "synpic21700.jpg": 106, "synpic17145.jpg": 239, "synpic25105.jpg": 291, "synpic9872.jpg": 119, "synpic19118.jpg": 138, "synpic45610.jpg": 199, "synpic33889.jpg": 267, "synpic46764.jpg": 249, "synpic38263.jpg": 124, "synpic29265.jpg": 215, "synpic50943.jpg": 136, "synpic53574.jpg": 37, "synpic42805.jpg": 40, "synpic40314.jpg": 16, "synpic27013.jpg": 7, "synpic48122.jpg": 17, "synpic51212.jpg": 29, "synpic16407.jpg": 214, "synpic57368.jpg": 277, "synpic60423.jpg": 190, "synpic47356.jpg": 54, "synpic58261.jpg": 232, "synpic23803.jpg": 45, "synpic37275.jpg": 280, "synpic22828.jpg": 186, "synpic31955.jpg": 169, "synpic20260.jpg": 14, "synpic33102.jpg": 299, "synpic33331.jpg": 34, "synpic25587.jpg": 21, "synpic30215.jpg": 109, "synpic49027.jpg": 236, "synpic41119.jpg": 68, "synpic20626.jpg": 181, "synpic21042.jpg": 171, "synpic53033.jpg": 205, "synpic30273.jpg": 274, "synpic59536.jpg": 167, "synpic32970.jpg": 50, "synpic21604.jpg": 89, "synpic24350.jpg": 191, "synpic24319.jpg": 62, "synpic23631.jpg": 271, "synpic34713.jpg": 88, "synpic16810.jpg": 43, "synpic45364.jpg": 86, "synpic17153.jpg": 161, "synpic39532.jpg": 8, "synpic32012.jpg": 130, "synpic40500.jpg": 100, "synpic42210.jpg": 310, "synpic27646.jpg": 9, "synpic46539.jpg": 133, "synpic22286.jpg": 112, "synpic24424.jpg": 182, "synpic56841.jpg": 293, "synpic34017.jpg": 244, "synpic22097.jpg": 10, "synpic100228.jpg": 3, "synpic21776.jpg": 229, "synpic51872.jpg": 242, "synpic29771.jpg": 254, "synpic45039.jpg": 226, "synpic45557.jpg": 129, "synpic34449.jpg": 206, "synpic52988.jpg": 137, "synpic22791.jpg": 67, "synpic22967.jpg": 120, "synpic39240.jpg": 201, "synpic26413.jpg": 227, "synpic35191.jpg": 304, "synpic51709.jpg": 213, "synpic32933.jpg": 75, "synpic13385.jpg": 103, "synpic43648.jpg": 6, "synpic39141.jpg": 256, "synpic32962.jpg": 303, "synpic34515.jpg": 116, "synpic42182.jpg": 11, "synpic28987.jpg": 147, "synpic45115.jpg": 144, "synpic34836.jpg": 53, "synpic29263.jpg": 180, "synpic21044.jpg": 72, "synpic50962.jpg": 204, "synpic46062.jpg": 257, "synpic34854.jpg": 121, "synpic39301.jpg": 153, "synpic20375.jpg": 80, "synpic33892.jpg": 107, "synpic19605.jpg": 30, "synpic23989.jpg": 189, "synpic33429.jpg": 275, "synpic60096.jpg": 259, "synpic53097.jpg": 66, "synpic51926.jpg": 218, "synpic47020.jpg": 187, "synpic31259.jpg": 225, "synpic24878.jpg": 300, "synpic26764.jpg": 60, "synpic58547.jpg": 56, "synpic53635.jpg": 42, "synpic54795.jpg": 90, "synpic22156.jpg": 278, "synpic21995.jpg": 19, "synpic28569.jpg": 245, "synpic31217.jpg": 134, "synpic23571.jpg": 44, "synpic57237.jpg": 240, "synpic56344.jpg": 188, "synpic17675.jpg": 33, "synpic45544.jpg": 48, "synpic49381.jpg": 155, "synpic50949.jpg": 284, "synpic52951.jpg": 261, "synpic49914.jpg": 141, "synpic42202.jpg": 64, "synpic24967.jpg": 287, "synpic22794.jpg": 279, "synpic34947.jpg": 289, "synpic55317.jpg": 294, "synpic35914.jpg": 264, "synpic100176.jpg": 268, "synpic28180.jpg": 61, "synpic31232.jpg": 76, "synpic33226.jpg": 49, "synpic38069.jpg": 179, "synpic24220.jpg": 131, "synpic26925.jpg": 269, "synpic31916.jpg": 82, "synpic22037.jpg": 77, "synpic19114.jpg": 91, "synpic16170.jpg": 270, "synpic56061.jpg": 194, "synpic31116.jpg": 113, "synpic60703.jpg": 203, "synpic31394.jpg": 234, "synpic42245.jpg": 306, "synpic28277.jpg": 209, "synpic26248.jpg": 73, "synpic55948.jpg": 22, "synpic38531.jpg": 123, "synpic47737.jpg": 170, "synpic59126.jpg": 176, "synpic43433.jpg": 163, "synpic24390.jpg": 312, "synpic19232.jpg": 302, "synpic33689.jpg": 193, "synpic46720.jpg": 166, "synpic16174.jpg": 15, "synpic28378.jpg": 228, "synpic676.jpg": 46, "synpic33302.jpg": 32, "synpic43609.jpg": 198, "synpic17738.jpg": 260, "synpic54610.jpg": 0, "synpic60543.jpg": 24, "synpic39757.jpg": 266, "synpic31248.jpg": 117, "synpic21734.jpg": 145, "synpic56799.jpg": 258, "synpic29048.jpg": 51, "synpic47196.jpg": 185, "synpic52282.jpg": 152}